file,offer_id,format,width,height,bytes,sha256,technical_pass,visual_status,delivery_status,template
OUTPUT/2026-09-20-r18/BANNER DESK/1920x276/byd_atto-2_1920x276.png,atto-2,1920x276,1920,276,416185,9a1fa85be2b829ce33da15ac3930bb0e47dd8059c9b21e91da3e2bc02e1ad5c5,True,ASTRA_AGENT_VISUAL_REVIEW_PASS,LOCAL_OUTPUT_NOT_EXTERNALLY_SENT,WORK/01_TEMPLATES/2026-09-20-r17/BYD_TPL_1920x276.psd
OUTPUT/2026-09-20-r18/BANNER DESK/1920x276/byd_atto-8_1920x276.png,atto-8,1920x276,1920,276,419632,3b7ef680fab5edb238ca2e3f3d33c1607da7d90605d9f93be8aea8b81be6de7f,True,ASTRA_AGENT_VISUAL_REVIEW_PASS,LOCAL_OUTPUT_NOT_EXTERNALLY_SENT,WORK/01_TEMPLATES/2026-09-20-r17/BYD_TPL_1920x276.psd
OUTPUT/2026-09-20-r18/BANNER DESK/1920x276/byd_dolphin-gs_1920x276.png,dolphin-gs,1920x276,1920,276,404592,c3790301338d86dcf40cd1df646deaf62aa8bd8902b292c107bd4a8bc0415678,True,ASTRA_AGENT_VISUAL_REVIEW_PASS,LOCAL_OUTPUT_NOT_EXTERNALLY_SENT,WORK/01_TEMPLATES/2026-09-20-r17/BYD_TPL_1920x276.psd
OUTPUT/2026-09-20-r18/BANNER DESK/1920x276/byd_dolphin-mini-5l-gs_1920x276.png,dolphin-mini-5l-gs,1920x276,1920,276,432692,e6c06f5a088611e87f4ff1310b5eb52207f9e0e975616916b2b17931e990db4a,True,ASTRA_AGENT_VISUAL_REVIEW_PASS,LOCAL_OUTPUT_NOT_EXTERNALLY_SENT,WORK/01_TEMPLATES/2026-09-20-r17/BYD_TPL_1920x276.psd
OUTPUT/2026-09-20-r18/BANNER DESK/1920x276/byd_dolphin-se_1920x276.png,dolphin-se,1920x276,1920,276,396092,69d10ec058731747c1da5b6d1bff2ffdacb0eb327cbd32fb2dc693b67910cb90,True,ASTRA_AGENT_VISUAL_REVIEW_PASS,LOCAL_OUTPUT_NOT_EXTERNALLY_SENT,WORK/01_TEMPLATES/2026-09-20-r17/BYD_TPL_1920x276.psd
OUTPUT/2026-09-20-r18/BANNER DESK/1920x276/byd_king-gs_1920x276.png,king-gs,1920x276,1920,276,418751,12689d5e6c9efdc04164f64cf96e096efe2b362e37467deee7527a77687dcf15,True,ASTRA_AGENT_VISUAL_REVIEW_PASS,LOCAL_OUTPUT_NOT_EXTERNALLY_SENT,WORK/01_TEMPLATES/2026-09-20-r17/BYD_TPL_1920x276.psd
OUTPUT/2026-09-20-r18/BANNER DESK/1920x276/byd_seal-26-27_1920x276.png,seal-26-27,1920x276,1920,276,412364,3e8c4ceed2576eeaacb05814ab595b4c712eb314820c8e31c38a0907693c94f2,True,ASTRA_AGENT_VISUAL_REVIEW_PASS,LOCAL_OUTPUT_NOT_EXTERNALLY_SENT,WORK/01_TEMPLATES/2026-09-20-r17/BYD_TPL_1920x276.psd
OUTPUT/2026-09-20-r18/BANNER DESK/1920x276/byd_sealion-26-27_1920x276.png,sealion-26-27,1920x276,1920,276,417797,d91d6058eca6f919e81eb3cbd658c8ab731f96140d925dd1cb167ec11a6d171e,True,ASTRA_AGENT_VISUAL_REVIEW_PASS,LOCAL_OUTPUT_NOT_EXTERNALLY_SENT,WORK/01_TEMPLATES/2026-09-20-r17/BYD_TPL_1920x276.psd
OUTPUT/2026-09-20-r18/BANNER DESK/1920x276/byd_song-plus_1920x276.png,song-plus,1920x276,1920,276,416578,5de8b19b70628cba066d157b527ecef38aac0f87c87d9ef4d9418c1a2386ea27,True,ASTRA_AGENT_VISUAL_REVIEW_PASS,LOCAL_OUTPUT_NOT_EXTERNALLY_SENT,WORK/01_TEMPLATES/2026-09-20-r17/BYD_TPL_1920x276.psd
OUTPUT/2026-09-20-r18/BANNER DESK/1920x276/byd_song-premium_1920x276.png,song-premium,1920x276,1920,276,423015,6f6bb5ee15ee71a176341f7a79131ac1ea74368cad9832ce5ed9717a3955ead7,True,ASTRA_AGENT_VISUAL_REVIEW_PASS,LOCAL_OUTPUT_NOT_EXTERNALLY_SENT,WORK/01_TEMPLATES/2026-09-20-r17/BYD_TPL_1920x276.psd
OUTPUT/2026-09-20-r18/BANNER DESK/1920x276/byd_song-pro-flex_1920x276.png,song-pro-flex,1920x276,1920,276,410847,f5ac07a6b1d29e4d4e0b164d016c7e2b486624a685ceeb549892c169413cf853,True,ASTRA_AGENT_VISUAL_REVIEW_PASS,LOCAL_OUTPUT_NOT_EXTERNALLY_SENT,WORK/01_TEMPLATES/2026-09-20-r17/BYD_TPL_1920x276.psd
OUTPUT/2026-09-20-r18/BANNER DESK/1920x276/byd_song-pro_1920x276.png,song-pro,1920x276,1920,276,420593,bd05399f7a3ec48eac7a05033f613a8c663508e2a063c920170f6439ade3b936,True,ASTRA_AGENT_VISUAL_REVIEW_PASS,LOCAL_OUTPUT_NOT_EXTERNALLY_SENT,WORK/01_TEMPLATES/2026-09-20-r17/BYD_TPL_1920x276.psd
OUTPUT/2026-09-20-r18/BANNER DESK/1920x276/byd_vd-atto-2_1920x276.png,vd-atto-2,1920x276,1920,276,419946,50a83bc01e5485f8a38063adce124d43a3cef89463b43e1e2e2f8fd52811e4fa,True,ASTRA_AGENT_VISUAL_REVIEW_PASS,LOCAL_OUTPUT_NOT_EXTERNALLY_SENT,WORK/01_TEMPLATES/2026-09-20-r17/BYD_TPL_1920x276.psd
OUTPUT/2026-09-20-r18/BANNER DESK/1920x276/byd_vd-dolphin-mini_1920x276.png,vd-dolphin-mini,1920x276,1920,276,401221,e6a9ab1ea3e8ec04fafa2d1b197d8561633be8966d2b1031eab93ef8fe6f540d,True,ASTRA_AGENT_VISUAL_REVIEW_PASS,LOCAL_OUTPUT_NOT_EXTERNALLY_SENT,WORK/01_TEMPLATES/2026-09-20-r17/BYD_TPL_1920x276.psd
OUTPUT/2026-09-20-r18/BANNER DESK/1920x276/byd_vd-king-gl_1920x276.png,vd-king-gl,1920x276,1920,276,410208,0cc3e67515750176fc06ea9d2771bec276239efa76984481aee96c85096a5c8e,True,ASTRA_AGENT_VISUAL_REVIEW_PASS,LOCAL_OUTPUT_NOT_EXTERNALLY_SENT,WORK/01_TEMPLATES/2026-09-20-r17/BYD_TPL_1920x276.psd
OUTPUT/2026-09-20-r18/BANNER DESK/1920x276/byd_vd-shark_1920x276.png,vd-shark,1920x276,1920,276,423619,beb6e4fe70e1ea457f0f2ea8fc65a2d5aaf71849669aaafe536098342ff2a25a,True,ASTRA_AGENT_VISUAL_REVIEW_PASS,LOCAL_OUTPUT_NOT_EXTERNALLY_SENT,WORK/01_TEMPLATES/2026-09-20-r17/BYD_TPL_1920x276.psd
OUTPUT/2026-09-20-r18/BANNER DESK/1920x276/byd_vd-song-pro-flex_1920x276.png,vd-song-pro-flex,1920x276,1920,276,398885,55aa30081400662ce98f2fc1baf40420ca7bf1719819b3730e08e9c4f12a7313,True,ASTRA_AGENT_VISUAL_REVIEW_PASS,LOCAL_OUTPUT_NOT_EXTERNALLY_SENT,WORK/01_TEMPLATES/2026-09-20-r17/BYD_TPL_1920x276.psd
OUTPUT/2026-09-20-r18/BANNER DESK/1920x276/byd_vd-song-pro_1920x276.png,vd-song-pro,1920x276,1920,276,412492,f82873213a3b24cfbe6ca2e42221dec0da2c65040946ca05626432d266b0c964,True,ASTRA_AGENT_VISUAL_REVIEW_PASS,LOCAL_OUTPUT_NOT_EXTERNALLY_SENT,WORK/01_TEMPLATES/2026-09-20-r17/BYD_TPL_1920x276.psd
OUTPUT/2026-09-20-r18/BANNER DESK/1920x276/byd_yuan-plus-awd-26-27_1920x276.png,yuan-plus-awd-26-27,1920x276,1920,276,392987,8c56f36c4c270c23af55405e766361b112fa37a66f7a3fe41fb0afc8ce990488,True,ASTRA_AGENT_VISUAL_REVIEW_PASS,LOCAL_OUTPUT_NOT_EXTERNALLY_SENT,WORK/01_TEMPLATES/2026-09-20-r17/BYD_TPL_1920x276.psd
OUTPUT/2026-09-20-r18/BANNER DESK/1920x276/byd_yuan-pro_1920x276.png,yuan-pro,1920x276,1920,276,394933,bc4f6fb7d8a95d13ebc4ad12efcb93c8d6dad34bb3b0ceeeb141112a44598271,True,ASTRA_AGENT_VISUAL_REVIEW_PASS,LOCAL_OUTPUT_NOT_EXTERNALLY_SENT,WORK/01_TEMPLATES/2026-09-20-r17/BYD_TPL_1920x276.psd
OUTPUT/2026-09-20-r18/ESTATICOS/1920x1080/byd_atto-2_1920x1080.png,atto-2,1920x1080,1920,1080,1439417,dbe54de886e060a7132d69d2d6f66630b23c0a789fd0c8b000639c6049bfbbcc,True,ASTRA_AGENT_VISUAL_REVIEW_PASS,LOCAL_OUTPUT_NOT_EXTERNALLY_SENT,WORK/01_TEMPLATES/2026-09-20-r17/BYD_TPL_1920x1080.psd
OUTPUT/2026-09-20-r18/ESTATICOS/1920x1080/byd_atto-8_1920x1080.png,atto-8,1920x1080,1920,1080,1397175,65bdcbf33c87c32c65d54cb92bd97c33e1028f35c87fc030ac82468df9f792f4,True,ASTRA_AGENT_VISUAL_REVIEW_PASS,LOCAL_OUTPUT_NOT_EXTERNALLY_SENT,WORK/01_TEMPLATES/2026-09-20-r17/BYD_TPL_1920x1080.psd
OUTPUT/2026-09-20-r18/ESTATICOS/1920x1080/byd_dolphin-gs_1920x1080.png,dolphin-gs,1920x1080,1920,1080,1368613,185039dc678f3faf6ade6ef6d15f374324013aa38279b2f259bffe4e351de665,True,ASTRA_AGENT_VISUAL_REVIEW_PASS,LOCAL_OUTPUT_NOT_EXTERNALLY_SENT,WORK/01_TEMPLATES/2026-09-20-r17/BYD_TPL_1920x1080.psd
OUTPUT/2026-09-20-r18/ESTATICOS/1920x1080/byd_dolphin-mini-5l-gs_1920x1080.png,dolphin-mini-5l-gs,1920x1080,1920,1080,1411058,1575a26302cae143d41076961c94059a5c2f23ce715f19c510606e316f59bb84,True,ASTRA_AGENT_VISUAL_REVIEW_PASS,LOCAL_OUTPUT_NOT_EXTERNALLY_SENT,WORK/01_TEMPLATES/2026-09-20-r17/BYD_TPL_1920x1080.psd
OUTPUT/2026-09-20-r18/ESTATICOS/1920x1080/byd_dolphin-se_1920x1080.png,dolphin-se,1920x1080,1920,1080,1324399,c5a39830df96e0313cfe4415fa795ca5d8a2a6774b479b769c9b1c0fe2b5a8b5,True,ASTRA_AGENT_VISUAL_REVIEW_PASS,LOCAL_OUTPUT_NOT_EXTERNALLY_SENT,WORK/01_TEMPLATES/2026-09-20-r17/BYD_TPL_1920x1080.psd
OUTPUT/2026-09-20-r18/ESTATICOS/1920x1080/byd_king-gs_1920x1080.png,king-gs,1920x1080,1920,1080,1366512,0132fd8e90d2134d4224575e77f2cafcc47b81ac6c213bea46b9e71bdc1eac5c,True,ASTRA_AGENT_VISUAL_REVIEW_PASS,LOCAL_OUTPUT_NOT_EXTERNALLY_SENT,WORK/01_TEMPLATES/2026-09-20-r17/BYD_TPL_1920x1080.psd
OUTPUT/2026-09-20-r18/ESTATICOS/1920x1080/byd_seal-26-27_1920x1080.png,seal-26-27,1920x1080,1920,1080,1392941,ec724d403963c49fb5cc3ee8383e6e5e6e62d403d7162a99c36e6e876ac6daef,True,ASTRA_AGENT_VISUAL_REVIEW_PASS,LOCAL_OUTPUT_NOT_EXTERNALLY_SENT,WORK/01_TEMPLATES/2026-09-20-r17/BYD_TPL_1920x1080.psd
OUTPUT/2026-09-20-r18/ESTATICOS/1920x1080/byd_sealion-26-27_1920x1080.png,sealion-26-27,1920x1080,1920,1080,1419090,7dbdce7d8c8325cfe5f1a98d567709d97ad453f2f290d41b79f994b333be941d,True,ASTRA_AGENT_VISUAL_REVIEW_PASS,LOCAL_OUTPUT_NOT_EXTERNALLY_SENT,WORK/01_TEMPLATES/2026-09-20-r17/BYD_TPL_1920x1080.psd
OUTPUT/2026-09-20-r18/ESTATICOS/1920x1080/byd_song-plus_1920x1080.png,song-plus,1920x1080,1920,1080,1395221,d8803614716b66673d5882dfcd4c72a90c67d99abfa0475dec8cdda4c97f0470,True,ASTRA_AGENT_VISUAL_REVIEW_PASS,LOCAL_OUTPUT_NOT_EXTERNALLY_SENT,WORK/01_TEMPLATES/2026-09-20-r17/BYD_TPL_1920x1080.psd
OUTPUT/2026-09-20-r18/ESTATICOS/1920x1080/byd_song-premium_1920x1080.png,song-premium,1920x1080,1920,1080,1380445,6809b3843964a8cfba4825074ec047a39b2b9d2344f1a2999b308163ab656935,True,ASTRA_AGENT_VISUAL_REVIEW_PASS,LOCAL_OUTPUT_NOT_EXTERNALLY_SENT,WORK/01_TEMPLATES/2026-09-20-r17/BYD_TPL_1920x1080.psd
OUTPUT/2026-09-20-r18/ESTATICOS/1920x1080/byd_song-pro-flex_1920x1080.png,song-pro-flex,1920x1080,1920,1080,1322759,4b58a18f7b7f4fb40697f99c4237d7bc539341b5e7310789822a7b6ed7f67f57,True,ASTRA_AGENT_VISUAL_REVIEW_PASS,LOCAL_OUTPUT_NOT_EXTERNALLY_SENT,WORK/01_TEMPLATES/2026-09-20-r17/BYD_TPL_1920x1080.psd
OUTPUT/2026-09-20-r18/ESTATICOS/1920x1080/byd_song-pro_1920x1080.png,song-pro,1920x1080,1920,1080,1374133,43a1c2088cbb91b052404c2ffdd9c2352bdc9326bd99a76a48b749584cf289df,True,ASTRA_AGENT_VISUAL_REVIEW_PASS,LOCAL_OUTPUT_NOT_EXTERNALLY_SENT,WORK/01_TEMPLATES/2026-09-20-r17/BYD_TPL_1920x1080.psd
OUTPUT/2026-09-20-r18/ESTATICOS/1920x1080/byd_vd-atto-2_1920x1080.png,vd-atto-2,1920x1080,1920,1080,1455747,27f7e9a7f9e2a285c10b0383fdf959d880b3c5ba871847ad09f679aadbd6fbea,True,ASTRA_AGENT_VISUAL_REVIEW_PASS,LOCAL_OUTPUT_NOT_EXTERNALLY_SENT,WORK/01_TEMPLATES/2026-09-20-r17/BYD_TPL_1920x1080.psd
OUTPUT/2026-09-20-r18/ESTATICOS/1920x1080/byd_vd-dolphin-mini_1920x1080.png,vd-dolphin-mini,1920x1080,1920,1080,1333372,c09307f0e8ef848f67f883fd1dd5a389ed5aa2b98b68bf98c7b3c4d38814653c,True,ASTRA_AGENT_VISUAL_REVIEW_PASS,LOCAL_OUTPUT_NOT_EXTERNALLY_SENT,WORK/01_TEMPLATES/2026-09-20-r17/BYD_TPL_1920x1080.psd
OUTPUT/2026-09-20-r18/ESTATICOS/1920x1080/byd_vd-king-gl_1920x1080.png,vd-king-gl,1920x1080,1920,1080,1395654,ff6992fa74b63bf09021166b3cbbbe32027d86ce7c8159c609904aeb9ed8e628,True,ASTRA_AGENT_VISUAL_REVIEW_PASS,LOCAL_OUTPUT_NOT_EXTERNALLY_SENT,WORK/01_TEMPLATES/2026-09-20-r17/BYD_TPL_1920x1080.psd
OUTPUT/2026-09-20-r18/ESTATICOS/1920x1080/byd_vd-shark_1920x1080.png,vd-shark,1920x1080,1920,1080,1376900,e9231437668de533eedb4d1f1e539e96ae1693a36c847997b4235c6efc241b20,True,ASTRA_AGENT_VISUAL_REVIEW_PASS,LOCAL_OUTPUT_NOT_EXTERNALLY_SENT,WORK/01_TEMPLATES/2026-09-20-r17/BYD_TPL_1920x1080.psd
OUTPUT/2026-09-20-r18/ESTATICOS/1920x1080/byd_vd-song-pro-flex_1920x1080.png,vd-song-pro-flex,1920x1080,1920,1080,1314486,5dfc3c571d372fd7f4fc60ed688c951c4a1308c5ee69db2b4e931cfac0851f8f,True,ASTRA_AGENT_VISUAL_REVIEW_PASS,LOCAL_OUTPUT_NOT_EXTERNALLY_SENT,WORK/01_TEMPLATES/2026-09-20-r17/BYD_TPL_1920x1080.psd
OUTPUT/2026-09-20-r18/ESTATICOS/1920x1080/byd_vd-song-pro_1920x1080.png,vd-song-pro,1920x1080,1920,1080,1360427,c3625467b29923e91da23ec3fa1fe90e649c97b73f5717e27c00b3633c4f6a7d,True,ASTRA_AGENT_VISUAL_REVIEW_PASS,LOCAL_OUTPUT_NOT_EXTERNALLY_SENT,WORK/01_TEMPLATES/2026-09-20-r17/BYD_TPL_1920x1080.psd
OUTPUT/2026-09-20-r18/ESTATICOS/1920x1080/byd_yuan-plus-awd-26-27_1920x1080.png,yuan-plus-awd-26-27,1920x1080,1920,1080,1367566,26dc21f3eb601abc25679a28643cf2dd3b4a4c1cd1eadf95c862a9040477d28f,True,ASTRA_AGENT_VISUAL_REVIEW_PASS,LOCAL_OUTPUT_NOT_EXTERNALLY_SENT,WORK/01_TEMPLATES/2026-09-20-r17/BYD_TPL_1920x1080.psd
OUTPUT/2026-09-20-r18/ESTATICOS/1920x1080/byd_yuan-pro_1920x1080.png,yuan-pro,1920x1080,1920,1080,1330912,84d62c75355c35d21895d3a1f101e7bfc687962b13d0b1e7c15d7aa725ff2628,True,ASTRA_AGENT_VISUAL_REVIEW_PASS,LOCAL_OUTPUT_NOT_EXTERNALLY_SENT,WORK/01_TEMPLATES/2026-09-20-r17/BYD_TPL_1920x1080.psd
OUTPUT/2026-09-20-r18/BANNER DESK/1920x1125/byd_atto-2_1920x1125.png,atto-2,1920x1125,1920,1125,1479170,eed7c4fd607d9d0030a88a6c2fabfde3a4f5dc82b48a8ae97d6e0e1c0e2a49e9,True,ASTRA_AGENT_VISUAL_REVIEW_PASS,LOCAL_OUTPUT_NOT_EXTERNALLY_SENT,WORK/01_TEMPLATES/2026-09-20-r17/BYD_TPL_1920x1125.psd
OUTPUT/2026-09-20-r18/BANNER DESK/1920x1125/byd_atto-8_1920x1125.png,atto-8,1920x1125,1920,1125,1437471,3a3114e3ee88e2c33553d80701857884c359eef8175c81fa6157d698f53529af,True,ASTRA_AGENT_VISUAL_REVIEW_PASS,LOCAL_OUTPUT_NOT_EXTERNALLY_SENT,WORK/01_TEMPLATES/2026-09-20-r17/BYD_TPL_1920x1125.psd
OUTPUT/2026-09-20-r18/BANNER DESK/1920x1125/byd_dolphin-gs_1920x1125.png,dolphin-gs,1920x1125,1920,1125,1404780,35a6c7e6e0111fc9cd79e65d9c2294a1ecb2ac8c5823988ff33dce7ebfc73820,True,ASTRA_AGENT_VISUAL_REVIEW_PASS,LOCAL_OUTPUT_NOT_EXTERNALLY_SENT,WORK/01_TEMPLATES/2026-09-20-r17/BYD_TPL_1920x1125.psd
OUTPUT/2026-09-20-r18/BANNER DESK/1920x1125/byd_dolphin-mini-5l-gs_1920x1125.png,dolphin-mini-5l-gs,1920x1125,1920,1125,1451089,d2960a271919f288157e8c316aa1221f9d9b9c33de3e68573c2182af50d534a5,True,ASTRA_AGENT_VISUAL_REVIEW_PASS,LOCAL_OUTPUT_NOT_EXTERNALLY_SENT,WORK/01_TEMPLATES/2026-09-20-r17/BYD_TPL_1920x1125.psd
OUTPUT/2026-09-20-r18/BANNER DESK/1920x1125/byd_dolphin-se_1920x1125.png,dolphin-se,1920x1125,1920,1125,1361964,112e935007b8e2965589224ca01b358ab993176126554782db6ab74f6ddf8861,True,ASTRA_AGENT_VISUAL_REVIEW_PASS,LOCAL_OUTPUT_NOT_EXTERNALLY_SENT,WORK/01_TEMPLATES/2026-09-20-r17/BYD_TPL_1920x1125.psd
OUTPUT/2026-09-20-r18/BANNER DESK/1920x1125/byd_king-gs_1920x1125.png,king-gs,1920x1125,1920,1125,1404038,3405ca76fd0fb6fd63a68d71e27787c9abc8852dab61c15e0729026f4d26ef79,True,ASTRA_AGENT_VISUAL_REVIEW_PASS,LOCAL_OUTPUT_NOT_EXTERNALLY_SENT,WORK/01_TEMPLATES/2026-09-20-r17/BYD_TPL_1920x1125.psd
OUTPUT/2026-09-20-r18/BANNER DESK/1920x1125/byd_seal-26-27_1920x1125.png,seal-26-27,1920x1125,1920,1125,1432619,6d2507f14b649829ea822508fb67a1fac966799fad3f124c53718f791f87bf5a,True,ASTRA_AGENT_VISUAL_REVIEW_PASS,LOCAL_OUTPUT_NOT_EXTERNALLY_SENT,WORK/01_TEMPLATES/2026-09-20-r17/BYD_TPL_1920x1125.psd
OUTPUT/2026-09-20-r18/BANNER DESK/1920x1125/byd_sealion-26-27_1920x1125.png,sealion-26-27,1920x1125,1920,1125,1459601,d9c5739c1973eb83d696ed33b91e0d25dad7a7ecfc785dfab86d20da23a6c29f,True,ASTRA_AGENT_VISUAL_REVIEW_PASS,LOCAL_OUTPUT_NOT_EXTERNALLY_SENT,WORK/01_TEMPLATES/2026-09-20-r17/BYD_TPL_1920x1125.psd
OUTPUT/2026-09-20-r18/BANNER DESK/1920x1125/byd_song-plus_1920x1125.png,song-plus,1920x1125,1920,1125,1432997,7d94cb1d533de3fe6b40dc1853f25f042c34760521847ed1752874a3819fb128,True,ASTRA_AGENT_VISUAL_REVIEW_PASS,LOCAL_OUTPUT_NOT_EXTERNALLY_SENT,WORK/01_TEMPLATES/2026-09-20-r17/BYD_TPL_1920x1125.psd
OUTPUT/2026-09-20-r18/BANNER DESK/1920x1125/byd_song-premium_1920x1125.png,song-premium,1920x1125,1920,1125,1419223,5dec1e558d26dc6fedee9af6b35f842edfa9d3c902d47240a1df222e5fa8ac98,True,ASTRA_AGENT_VISUAL_REVIEW_PASS,LOCAL_OUTPUT_NOT_EXTERNALLY_SENT,WORK/01_TEMPLATES/2026-09-20-r17/BYD_TPL_1920x1125.psd
OUTPUT/2026-09-20-r18/BANNER DESK/1920x1125/byd_song-pro-flex_1920x1125.png,song-pro-flex,1920x1125,1920,1125,1362938,7ab383f5cbe7485e4d5a6bc2393b27a57a9d44e1f60117a140c8a58e2fcf6ab7,True,ASTRA_AGENT_VISUAL_REVIEW_PASS,LOCAL_OUTPUT_NOT_EXTERNALLY_SENT,WORK/01_TEMPLATES/2026-09-20-r17/BYD_TPL_1920x1125.psd
OUTPUT/2026-09-20-r18/BANNER DESK/1920x1125/byd_song-pro_1920x1125.png,song-pro,1920x1125,1920,1125,1412501,271fea77ceff885eee472517d3d05c4c2961572dc2885674bb3579d7741b4241,True,ASTRA_AGENT_VISUAL_REVIEW_PASS,LOCAL_OUTPUT_NOT_EXTERNALLY_SENT,WORK/01_TEMPLATES/2026-09-20-r17/BYD_TPL_1920x1125.psd
OUTPUT/2026-09-20-r18/BANNER DESK/1920x1125/byd_vd-atto-2_1920x1125.png,vd-atto-2,1920x1125,1920,1125,1494511,0f179d6c459030408f74adc7a5f6759afa4efe03e23e75397fbf2a42bc4b79c8,True,ASTRA_AGENT_VISUAL_REVIEW_PASS,LOCAL_OUTPUT_NOT_EXTERNALLY_SENT,WORK/01_TEMPLATES/2026-09-20-r17/BYD_TPL_1920x1125.psd
OUTPUT/2026-09-20-r18/BANNER DESK/1920x1125/byd_vd-dolphin-mini_1920x1125.png,vd-dolphin-mini,1920x1125,1920,1125,1370793,33d74f3889cec4c3eaa92d88614f195f656fa40c4ddf577f25c18de5c3672b39,True,ASTRA_AGENT_VISUAL_REVIEW_PASS,LOCAL_OUTPUT_NOT_EXTERNALLY_SENT,WORK/01_TEMPLATES/2026-09-20-r17/BYD_TPL_1920x1125.psd
OUTPUT/2026-09-20-r18/BANNER DESK/1920x1125/byd_vd-king-gl_1920x1125.png,vd-king-gl,1920x1125,1920,1125,1437180,899bf6fe16c7c9166ba9e8a0150b0e2fccf46ad31eb5b72138abc8e687e1782d,True,ASTRA_AGENT_VISUAL_REVIEW_PASS,LOCAL_OUTPUT_NOT_EXTERNALLY_SENT,WORK/01_TEMPLATES/2026-09-20-r17/BYD_TPL_1920x1125.psd
OUTPUT/2026-09-20-r18/BANNER DESK/1920x1125/byd_vd-shark_1920x1125.png,vd-shark,1920x1125,1920,1125,1416778,0c6cf15905b5483efdf7cd26b7c002c27e411a5a3f15410972d71c715bfebf87,True,ASTRA_AGENT_VISUAL_REVIEW_PASS,LOCAL_OUTPUT_NOT_EXTERNALLY_SENT,WORK/01_TEMPLATES/2026-09-20-r17/BYD_TPL_1920x1125.psd
OUTPUT/2026-09-20-r18/BANNER DESK/1920x1125/byd_vd-song-pro-flex_1920x1125.png,vd-song-pro-flex,1920x1125,1920,1125,1352300,37e279c3ce7006b0f37af63a64861cd7ba5e1db7805fcf7ee0f3c93e84be0003,True,ASTRA_AGENT_VISUAL_REVIEW_PASS,LOCAL_OUTPUT_NOT_EXTERNALLY_SENT,WORK/01_TEMPLATES/2026-09-20-r17/BYD_TPL_1920x1125.psd
OUTPUT/2026-09-20-r18/BANNER DESK/1920x1125/byd_vd-song-pro_1920x1125.png,vd-song-pro,1920x1125,1920,1125,1399056,eff710dfdd263b61811698c3f40c100a993fd33e0fd139eb36fbd5d24148a52a,True,ASTRA_AGENT_VISUAL_REVIEW_PASS,LOCAL_OUTPUT_NOT_EXTERNALLY_SENT,WORK/01_TEMPLATES/2026-09-20-r17/BYD_TPL_1920x1125.psd
OUTPUT/2026-09-20-r18/BANNER DESK/1920x1125/byd_yuan-plus-awd-26-27_1920x1125.png,yuan-plus-awd-26-27,1920x1125,1920,1125,1408135,f9a07afe4aec0ac0a63e2c3704e421e02eb38cfc725cee71653d5bbcd72d7f6b,True,ASTRA_AGENT_VISUAL_REVIEW_PASS,LOCAL_OUTPUT_NOT_EXTERNALLY_SENT,WORK/01_TEMPLATES/2026-09-20-r17/BYD_TPL_1920x1125.psd
OUTPUT/2026-09-20-r18/BANNER DESK/1920x1125/byd_yuan-pro_1920x1125.png,yuan-pro,1920x1125,1920,1125,1368876,ebb34850311f7ed0693b2f39a05e579cdd84f05b55ba406406bdfc9e1a50fb7a,True,ASTRA_AGENT_VISUAL_REVIEW_PASS,LOCAL_OUTPUT_NOT_EXTERNALLY_SENT,WORK/01_TEMPLATES/2026-09-20-r17/BYD_TPL_1920x1125.psd
OUTPUT/2026-09-20-r18/ESTATICOS/1080x1080/byd_atto-2_1080x1080.png,atto-2,1080x1080,1080,1080,952554,0ca9a3d0d792271fa0785dfc3f601f98e7a6ebc13c1dcd6ff059bd7817f66c31,True,ASTRA_AGENT_VISUAL_REVIEW_PASS,LOCAL_OUTPUT_NOT_EXTERNALLY_SENT,WORK/01_TEMPLATES/2026-09-20-r17/BYD_TPL_1080x1080.psd
OUTPUT/2026-09-20-r18/ESTATICOS/1080x1080/byd_atto-8_1080x1080.png,atto-8,1080x1080,1080,1080,955605,b92afdbb7d72bdf2b893fb97450076dbdb4363b12049460ff0d66caae3d3cadc,True,ASTRA_AGENT_VISUAL_REVIEW_PASS,LOCAL_OUTPUT_NOT_EXTERNALLY_SENT,WORK/01_TEMPLATES/2026-09-20-r17/BYD_TPL_1080x1080.psd
OUTPUT/2026-09-20-r18/ESTATICOS/1080x1080/byd_dolphin-gs_1080x1080.png,dolphin-gs,1080x1080,1080,1080,933550,5d71c9431f0a24a476105291cd6d0bdb17f92eea51cfca88c993398dda0cfdd3,True,ASTRA_AGENT_VISUAL_REVIEW_PASS,LOCAL_OUTPUT_NOT_EXTERNALLY_SENT,WORK/01_TEMPLATES/2026-09-20-r17/BYD_TPL_1080x1080.psd
OUTPUT/2026-09-20-r18/ESTATICOS/1080x1080/byd_dolphin-mini-5l-gs_1080x1080.png,dolphin-mini-5l-gs,1080x1080,1080,1080,992134,83a9fc5951771fc0ef2bbb2b3249b0e115b5d746a8e31283caf69228a03b6634,True,ASTRA_AGENT_VISUAL_REVIEW_PASS,LOCAL_OUTPUT_NOT_EXTERNALLY_SENT,WORK/01_TEMPLATES/2026-09-20-r17/BYD_TPL_1080x1080.psd
OUTPUT/2026-09-20-r18/ESTATICOS/1080x1080/byd_dolphin-se_1080x1080.png,dolphin-se,1080x1080,1080,1080,922573,74407b0baae433fb3949fff15eee91b787fc013f879ddc2166c3d0bcfad0111c,True,ASTRA_AGENT_VISUAL_REVIEW_PASS,LOCAL_OUTPUT_NOT_EXTERNALLY_SENT,WORK/01_TEMPLATES/2026-09-20-r17/BYD_TPL_1080x1080.psd
OUTPUT/2026-09-20-r18/ESTATICOS/1080x1080/byd_king-gs_1080x1080.png,king-gs,1080x1080,1080,1080,952053,bf595736c79a6cf0aefe02214c697f265711c5b624564e83f42fd7b2d6a81f76,True,ASTRA_AGENT_VISUAL_REVIEW_PASS,LOCAL_OUTPUT_NOT_EXTERNALLY_SENT,WORK/01_TEMPLATES/2026-09-20-r17/BYD_TPL_1080x1080.psd
OUTPUT/2026-09-20-r18/ESTATICOS/1080x1080/byd_seal-26-27_1080x1080.png,seal-26-27,1080x1080,1080,1080,949932,85c96d33aedfeafd6cd89bc23b365459b78b206941b760d88c315a62c5de4ebe,True,ASTRA_AGENT_VISUAL_REVIEW_PASS,LOCAL_OUTPUT_NOT_EXTERNALLY_SENT,WORK/01_TEMPLATES/2026-09-20-r17/BYD_TPL_1080x1080.psd
OUTPUT/2026-09-20-r18/ESTATICOS/1080x1080/byd_sealion-26-27_1080x1080.png,sealion-26-27,1080x1080,1080,1080,963240,e9bc53553ca9d6d01832f9cf85acd778e345b8315849c36ee9d89e0045634903,True,ASTRA_AGENT_VISUAL_REVIEW_PASS,LOCAL_OUTPUT_NOT_EXTERNALLY_SENT,WORK/01_TEMPLATES/2026-09-20-r17/BYD_TPL_1080x1080.psd
OUTPUT/2026-09-20-r18/ESTATICOS/1080x1080/byd_song-plus_1080x1080.png,song-plus,1080x1080,1080,1080,952860,7cc25445ce24923c8ce3a11880f856b4053d47e3d88961d0eb8680b166f8cd93,True,ASTRA_AGENT_VISUAL_REVIEW_PASS,LOCAL_OUTPUT_NOT_EXTERNALLY_SENT,WORK/01_TEMPLATES/2026-09-20-r17/BYD_TPL_1080x1080.psd
OUTPUT/2026-09-20-r18/ESTATICOS/1080x1080/byd_song-premium_1080x1080.png,song-premium,1080x1080,1080,1080,951840,efbdb96cdb354c1e9b45e03d5679c2d8d6273391fb5a1a97a5f15fe21dca37ba,True,ASTRA_AGENT_VISUAL_REVIEW_PASS,LOCAL_OUTPUT_NOT_EXTERNALLY_SENT,WORK/01_TEMPLATES/2026-09-20-r17/BYD_TPL_1080x1080.psd
OUTPUT/2026-09-20-r18/ESTATICOS/1080x1080/byd_song-pro-flex_1080x1080.png,song-pro-flex,1080x1080,1080,1080,926240,c75dac7fd1504e4fc6609adbd978250be44d2ce42dee8eb7e849aeeff3856503,True,ASTRA_AGENT_VISUAL_REVIEW_PASS,LOCAL_OUTPUT_NOT_EXTERNALLY_SENT,WORK/01_TEMPLATES/2026-09-20-r17/BYD_TPL_1080x1080.psd
OUTPUT/2026-09-20-r18/ESTATICOS/1080x1080/byd_song-pro_1080x1080.png,song-pro,1080x1080,1080,1080,956010,069def105ffd322da08f5b009b33b86f84271f28ebcb8f038a8127af4a427b98,True,ASTRA_AGENT_VISUAL_REVIEW_PASS,LOCAL_OUTPUT_NOT_EXTERNALLY_SENT,WORK/01_TEMPLATES/2026-09-20-r17/BYD_TPL_1080x1080.psd
OUTPUT/2026-09-20-r18/ESTATICOS/1080x1080/byd_vd-atto-2_1080x1080.png,vd-atto-2,1080x1080,1080,1080,965936,36b369319feb28a20591b2f80efe02a276b736930f4959120782552fd11871f2,True,ASTRA_AGENT_VISUAL_REVIEW_PASS,LOCAL_OUTPUT_NOT_EXTERNALLY_SENT,WORK/01_TEMPLATES/2026-09-20-r17/BYD_TPL_1080x1080.psd
OUTPUT/2026-09-20-r18/ESTATICOS/1080x1080/byd_vd-dolphin-mini_1080x1080.png,vd-dolphin-mini,1080x1080,1080,1080,917852,ca617dd53f07b98a766863b259cc87580144af9821b30ceb382339f820fae47f,True,ASTRA_AGENT_VISUAL_REVIEW_PASS,LOCAL_OUTPUT_NOT_EXTERNALLY_SENT,WORK/01_TEMPLATES/2026-09-20-r17/BYD_TPL_1080x1080.psd
OUTPUT/2026-09-20-r18/ESTATICOS/1080x1080/byd_vd-king-gl_1080x1080.png,vd-king-gl,1080x1080,1080,1080,960021,a5500b5568aeda377b4d32d3a5e7646bac5400b8b9edd0a572598012ec8ead32,True,ASTRA_AGENT_VISUAL_REVIEW_PASS,LOCAL_OUTPUT_NOT_EXTERNALLY_SENT,WORK/01_TEMPLATES/2026-09-20-r17/BYD_TPL_1080x1080.psd
OUTPUT/2026-09-20-r18/ESTATICOS/1080x1080/byd_vd-shark_1080x1080.png,vd-shark,1080x1080,1080,1080,960973,7d72d1219ff7bf41e2b0e344dff14468daae0cdbbfec3c5f90e3cc2ea6238852,True,ASTRA_AGENT_VISUAL_REVIEW_PASS,LOCAL_OUTPUT_NOT_EXTERNALLY_SENT,WORK/01_TEMPLATES/2026-09-20-r17/BYD_TPL_1080x1080.psd
OUTPUT/2026-09-20-r18/ESTATICOS/1080x1080/byd_vd-song-pro-flex_1080x1080.png,vd-song-pro-flex,1080x1080,1080,1080,914958,c04dae09660ebef859b0c9789fe07f24a9b491d68253157dea96c47c0b6979b9,True,ASTRA_AGENT_VISUAL_REVIEW_PASS,LOCAL_OUTPUT_NOT_EXTERNALLY_SENT,WORK/01_TEMPLATES/2026-09-20-r17/BYD_TPL_1080x1080.psd
OUTPUT/2026-09-20-r18/ESTATICOS/1080x1080/byd_vd-song-pro_1080x1080.png,vd-song-pro,1080x1080,1080,1080,950311,9771bfe4aa8db225b537432704d794fe515b535eb34c931cca3547e4e7e74516,True,ASTRA_AGENT_VISUAL_REVIEW_PASS,LOCAL_OUTPUT_NOT_EXTERNALLY_SENT,WORK/01_TEMPLATES/2026-09-20-r17/BYD_TPL_1080x1080.psd
OUTPUT/2026-09-20-r18/ESTATICOS/1080x1080/byd_yuan-plus-awd-26-27_1080x1080.png,yuan-plus-awd-26-27,1080x1080,1080,1080,916878,c975d829fa79d59720697072d6d48d1a05bfafe5bca949bf14352fbb21701c54,True,ASTRA_AGENT_VISUAL_REVIEW_PASS,LOCAL_OUTPUT_NOT_EXTERNALLY_SENT,WORK/01_TEMPLATES/2026-09-20-r17/BYD_TPL_1080x1080.psd
OUTPUT/2026-09-20-r18/ESTATICOS/1080x1080/byd_yuan-pro_1080x1080.png,yuan-pro,1080x1080,1080,1080,918237,e946447c8b4014f2a4fbfa7dffa42383ee64e36a779008a9c7be66cb8798d723,True,ASTRA_AGENT_VISUAL_REVIEW_PASS,LOCAL_OUTPUT_NOT_EXTERNALLY_SENT,WORK/01_TEMPLATES/2026-09-20-r17/BYD_TPL_1080x1080.psd
OUTPUT/2026-09-20-r18/ESTATICOS/1080x1920/byd_atto-2_1080x1920.png,atto-2,1080x1920,1080,1920,1487603,36fcc857f23185a7093d40c6122327ec841079d57ee26ab32290fc7127e68f38,True,ASTRA_AGENT_VISUAL_REVIEW_PASS,LOCAL_OUTPUT_NOT_EXTERNALLY_SENT,WORK/01_TEMPLATES/2026-09-20-r17/BYD_TPL_1080x1920.psd
OUTPUT/2026-09-20-r18/ESTATICOS/1080x1920/byd_atto-8_1080x1920.png,atto-8,1080x1920,1080,1920,1446594,251e9046133735919b4bd86196ceeee12b91a3a061dc8fd4659fb5aeb1921aac,True,ASTRA_AGENT_VISUAL_REVIEW_PASS,LOCAL_OUTPUT_NOT_EXTERNALLY_SENT,WORK/01_TEMPLATES/2026-09-20-r17/BYD_TPL_1080x1920.psd
OUTPUT/2026-09-20-r18/ESTATICOS/1080x1920/byd_dolphin-gs_1080x1920.png,dolphin-gs,1080x1920,1080,1920,1452053,6202d24b310c85cfe736626aa6a8141ba61dfb2c07db3b96c9843b9178688057,True,ASTRA_AGENT_VISUAL_REVIEW_PASS,LOCAL_OUTPUT_NOT_EXTERNALLY_SENT,WORK/01_TEMPLATES/2026-09-20-r17/BYD_TPL_1080x1920.psd
OUTPUT/2026-09-20-r18/ESTATICOS/1080x1920/byd_dolphin-mini-5l-gs_1080x1920.png,dolphin-mini-5l-gs,1080x1920,1080,1920,1542582,5ed0afa8cfcea5ee4c8533876a4498738a3419fb975b86dbcb64fe38beda3342,True,ASTRA_AGENT_VISUAL_REVIEW_PASS,LOCAL_OUTPUT_NOT_EXTERNALLY_SENT,WORK/01_TEMPLATES/2026-09-20-r17/BYD_TPL_1080x1920.psd
OUTPUT/2026-09-20-r18/ESTATICOS/1080x1920/byd_dolphin-se_1080x1920.png,dolphin-se,1080x1920,1080,1920,1415210,e118ed353f49f96d93d32f3fd1780c4cd59055caedae0bc178ff4c1ead326b52,True,ASTRA_AGENT_VISUAL_REVIEW_PASS,LOCAL_OUTPUT_NOT_EXTERNALLY_SENT,WORK/01_TEMPLATES/2026-09-20-r17/BYD_TPL_1080x1920.psd
OUTPUT/2026-09-20-r18/ESTATICOS/1080x1920/byd_king-gs_1080x1920.png,king-gs,1080x1920,1080,1920,1446729,d94581b82ae3a7c7ad344fde4eb1b930a4d3a79cf2edae44a9bb3a9d0a80dd23,True,ASTRA_AGENT_VISUAL_REVIEW_PASS,LOCAL_OUTPUT_NOT_EXTERNALLY_SENT,WORK/01_TEMPLATES/2026-09-20-r17/BYD_TPL_1080x1920.psd
OUTPUT/2026-09-20-r18/ESTATICOS/1080x1920/byd_seal-26-27_1080x1920.png,seal-26-27,1080x1920,1080,1920,1438352,7e75e1e7ba5e57d6a4236e6a93b50c3ced7ef6244df49f54273374c9df78883a,True,ASTRA_AGENT_VISUAL_REVIEW_PASS,LOCAL_OUTPUT_NOT_EXTERNALLY_SENT,WORK/01_TEMPLATES/2026-09-20-r17/BYD_TPL_1080x1920.psd
OUTPUT/2026-09-20-r18/ESTATICOS/1080x1920/byd_sealion-26-27_1080x1920.png,sealion-26-27,1080x1920,1080,1920,1463754,1a99b7ec40c6f354a45c5255a086d4908497b0f75f81bf0b480b0c124501b8db,True,ASTRA_AGENT_VISUAL_REVIEW_PASS,LOCAL_OUTPUT_NOT_EXTERNALLY_SENT,WORK/01_TEMPLATES/2026-09-20-r17/BYD_TPL_1080x1920.psd
OUTPUT/2026-09-20-r18/ESTATICOS/1080x1920/byd_song-plus_1080x1920.png,song-plus,1080x1920,1080,1920,1468374,8cefebfc6b0d94869f504463c54abd250666fe969f6fef66996ab5b1ba8627a9,True,ASTRA_AGENT_VISUAL_REVIEW_PASS,LOCAL_OUTPUT_NOT_EXTERNALLY_SENT,WORK/01_TEMPLATES/2026-09-20-r17/BYD_TPL_1080x1920.psd
OUTPUT/2026-09-20-r18/ESTATICOS/1080x1920/byd_song-premium_1080x1920.png,song-premium,1080x1920,1080,1920,1444607,f8ab6ddbcb8877e65d111f6da8b26336e808fa7aed8032e1aa7a181642ab465a,True,ASTRA_AGENT_VISUAL_REVIEW_PASS,LOCAL_OUTPUT_NOT_EXTERNALLY_SENT,WORK/01_TEMPLATES/2026-09-20-r17/BYD_TPL_1080x1920.psd
OUTPUT/2026-09-20-r18/ESTATICOS/1080x1920/byd_song-pro-flex_1080x1920.png,song-pro-flex,1080x1920,1080,1920,1403146,cd3cdb9fd6c57e6661f1eb0806b18f4c0949100202e6034e085e955ee2b07c1c,True,ASTRA_AGENT_VISUAL_REVIEW_PASS,LOCAL_OUTPUT_NOT_EXTERNALLY_SENT,WORK/01_TEMPLATES/2026-09-20-r17/BYD_TPL_1080x1920.psd
OUTPUT/2026-09-20-r18/ESTATICOS/1080x1920/byd_song-pro_1080x1920.png,song-pro,1080x1920,1080,1920,1458115,dbe981000aec50c68f6f26f206a7496525dfa2d66fbca9d6324485a41187c65e,True,ASTRA_AGENT_VISUAL_REVIEW_PASS,LOCAL_OUTPUT_NOT_EXTERNALLY_SENT,WORK/01_TEMPLATES/2026-09-20-r17/BYD_TPL_1080x1920.psd
OUTPUT/2026-09-20-r18/ESTATICOS/1080x1920/byd_vd-atto-2_1080x1920.png,vd-atto-2,1080x1920,1080,1920,1511443,b79aa87d6298e449050d833bb349cc4878e8792eff8b1c29e36c27ae3b0db25b,True,ASTRA_AGENT_VISUAL_REVIEW_PASS,LOCAL_OUTPUT_NOT_EXTERNALLY_SENT,WORK/01_TEMPLATES/2026-09-20-r17/BYD_TPL_1080x1920.psd
OUTPUT/2026-09-20-r18/ESTATICOS/1080x1920/byd_vd-dolphin-mini_1080x1920.png,vd-dolphin-mini,1080x1920,1080,1920,1432660,8d1a2a7ab11c7e21b4bcac19d05cfb49f3e04eb42e7423583c7be9aed471e765,True,ASTRA_AGENT_VISUAL_REVIEW_PASS,LOCAL_OUTPUT_NOT_EXTERNALLY_SENT,WORK/01_TEMPLATES/2026-09-20-r17/BYD_TPL_1080x1920.psd
OUTPUT/2026-09-20-r18/ESTATICOS/1080x1920/byd_vd-king-gl_1080x1920.png,vd-king-gl,1080x1920,1080,1920,1436976,20f55f8cdac859a5ae40be8f6975d4958280d15302f944cd2e300e35b52adb5d,True,ASTRA_AGENT_VISUAL_REVIEW_PASS,LOCAL_OUTPUT_NOT_EXTERNALLY_SENT,WORK/01_TEMPLATES/2026-09-20-r17/BYD_TPL_1080x1920.psd
OUTPUT/2026-09-20-r18/ESTATICOS/1080x1920/byd_vd-shark_1080x1920.png,vd-shark,1080x1920,1080,1920,1428798,2e2e5b9ab220b62e33cdb6704021c87d731b2ebd3ac8e778ab96bf82606a63be,True,ASTRA_AGENT_VISUAL_REVIEW_PASS,LOCAL_OUTPUT_NOT_EXTERNALLY_SENT,WORK/01_TEMPLATES/2026-09-20-r17/BYD_TPL_1080x1920.psd
OUTPUT/2026-09-20-r18/ESTATICOS/1080x1920/byd_vd-song-pro-flex_1080x1920.png,vd-song-pro-flex,1080x1920,1080,1920,1396806,38d0e54ce4b8869d3196f3cceb83c4354fdd5120fff7cc15f4192b772b0beed4,True,ASTRA_AGENT_VISUAL_REVIEW_PASS,LOCAL_OUTPUT_NOT_EXTERNALLY_SENT,WORK/01_TEMPLATES/2026-09-20-r17/BYD_TPL_1080x1920.psd
OUTPUT/2026-09-20-r18/ESTATICOS/1080x1920/byd_vd-song-pro_1080x1920.png,vd-song-pro,1080x1920,1080,1920,1442563,4c3a667a6f9870a65cd770d90c10754a7b349cf2ad5fdf36f43e9e8b8b76d8ff,True,ASTRA_AGENT_VISUAL_REVIEW_PASS,LOCAL_OUTPUT_NOT_EXTERNALLY_SENT,WORK/01_TEMPLATES/2026-09-20-r17/BYD_TPL_1080x1920.psd
OUTPUT/2026-09-20-r18/ESTATICOS/1080x1920/byd_yuan-plus-awd-26-27_1080x1920.png,yuan-plus-awd-26-27,1080x1920,1080,1920,1448575,8e5400ca6826765a67e1c7b08e1dae8d18f16bf83513f62095cddb83b6a3c739,True,ASTRA_AGENT_VISUAL_REVIEW_PASS,LOCAL_OUTPUT_NOT_EXTERNALLY_SENT,WORK/01_TEMPLATES/2026-09-20-r17/BYD_TPL_1080x1920.psd
OUTPUT/2026-09-20-r18/ESTATICOS/1080x1920/byd_yuan-pro_1080x1920.png,yuan-pro,1080x1920,1080,1920,1410457,512e0537f3a978b52b36654fb123e8494bdc784f0abf5ea604e6e85eff8614b7,True,ASTRA_AGENT_VISUAL_REVIEW_PASS,LOCAL_OUTPUT_NOT_EXTERNALLY_SENT,WORK/01_TEMPLATES/2026-09-20-r17/BYD_TPL_1080x1920.psd
OUTPUT/2026-09-20-r18/BANNER MOBILE/1109x1973/byd_atto-2_1109x1973.png,atto-2,1109x1973,1109,1973,1548509,9da672d50132d1e68ee3bce379c5644b59a3727b12221a9e1bd12e6aa77907a9,True,ASTRA_AGENT_VISUAL_REVIEW_PASS,LOCAL_OUTPUT_NOT_EXTERNALLY_SENT,WORK/01_TEMPLATES/2026-09-20-r17/BYD_TPL_1109x1973.psd
OUTPUT/2026-09-20-r18/BANNER MOBILE/1109x1973/byd_atto-8_1109x1973.png,atto-8,1109x1973,1109,1973,1505557,6df0f409339e38b613a435eedc74caeece30d6842a280be4d8f4a01f5490f278,True,ASTRA_AGENT_VISUAL_REVIEW_PASS,LOCAL_OUTPUT_NOT_EXTERNALLY_SENT,WORK/01_TEMPLATES/2026-09-20-r17/BYD_TPL_1109x1973.psd
OUTPUT/2026-09-20-r18/BANNER MOBILE/1109x1973/byd_dolphin-gs_1109x1973.png,dolphin-gs,1109x1973,1109,1973,1512539,09c3b299c23f99921223f57293c294e1ce4d74b330f1a4c3ba5a482e1bec7be2,True,ASTRA_AGENT_VISUAL_REVIEW_PASS,LOCAL_OUTPUT_NOT_EXTERNALLY_SENT,WORK/01_TEMPLATES/2026-09-20-r17/BYD_TPL_1109x1973.psd
OUTPUT/2026-09-20-r18/BANNER MOBILE/1109x1973/byd_dolphin-mini-5l-gs_1109x1973.png,dolphin-mini-5l-gs,1109x1973,1109,1973,1605448,5062c46281c73d8aaf7234c190b8e0a86b4a0bb1c8a3d78c05e7c8f8881f5ae4,True,ASTRA_AGENT_VISUAL_REVIEW_PASS,LOCAL_OUTPUT_NOT_EXTERNALLY_SENT,WORK/01_TEMPLATES/2026-09-20-r17/BYD_TPL_1109x1973.psd
OUTPUT/2026-09-20-r18/BANNER MOBILE/1109x1973/byd_dolphin-se_1109x1973.png,dolphin-se,1109x1973,1109,1973,1474126,6b43ee464cb539167a1acf96d6d79b5be5908c450924e1eab6bfe329c9a019a9,True,ASTRA_AGENT_VISUAL_REVIEW_PASS,LOCAL_OUTPUT_NOT_EXTERNALLY_SENT,WORK/01_TEMPLATES/2026-09-20-r17/BYD_TPL_1109x1973.psd
OUTPUT/2026-09-20-r18/BANNER MOBILE/1109x1973/byd_king-gs_1109x1973.png,king-gs,1109x1973,1109,1973,1503079,c275e2e1e1524e8eacab1613129eb3ecbf75abe7b92f20aca0ef425eaf4690d8,True,ASTRA_AGENT_VISUAL_REVIEW_PASS,LOCAL_OUTPUT_NOT_EXTERNALLY_SENT,WORK/01_TEMPLATES/2026-09-20-r17/BYD_TPL_1109x1973.psd
OUTPUT/2026-09-20-r18/BANNER MOBILE/1109x1973/byd_seal-26-27_1109x1973.png,seal-26-27,1109x1973,1109,1973,1495543,49c8a214b9ac218879110dd7d652ecdbff576501bf0177b4356378bcf4cf05e8,True,ASTRA_AGENT_VISUAL_REVIEW_PASS,LOCAL_OUTPUT_NOT_EXTERNALLY_SENT,WORK/01_TEMPLATES/2026-09-20-r17/BYD_TPL_1109x1973.psd
OUTPUT/2026-09-20-r18/BANNER MOBILE/1109x1973/byd_sealion-26-27_1109x1973.png,sealion-26-27,1109x1973,1109,1973,1520973,938e27e89bd89205d63ed208ae62b23504d911ac41d20aeed3b52d51be4103f3,True,ASTRA_AGENT_VISUAL_REVIEW_PASS,LOCAL_OUTPUT_NOT_EXTERNALLY_SENT,WORK/01_TEMPLATES/2026-09-20-r17/BYD_TPL_1109x1973.psd
OUTPUT/2026-09-20-r18/BANNER MOBILE/1109x1973/byd_song-plus_1109x1973.png,song-plus,1109x1973,1109,1973,1527890,58ee41534ac5759e1dbcd1e5fc1bfbba1c8e40b5992e513c1fb7d1bd79085376,True,ASTRA_AGENT_VISUAL_REVIEW_PASS,LOCAL_OUTPUT_NOT_EXTERNALLY_SENT,WORK/01_TEMPLATES/2026-09-20-r17/BYD_TPL_1109x1973.psd
OUTPUT/2026-09-20-r18/BANNER MOBILE/1109x1973/byd_song-premium_1109x1973.png,song-premium,1109x1973,1109,1973,1502483,69a3abe086abce2e2e21467a1dab69efae0fc3a55bf5eca17d00e21304c142f7,True,ASTRA_AGENT_VISUAL_REVIEW_PASS,LOCAL_OUTPUT_NOT_EXTERNALLY_SENT,WORK/01_TEMPLATES/2026-09-20-r17/BYD_TPL_1109x1973.psd
OUTPUT/2026-09-20-r18/BANNER MOBILE/1109x1973/byd_song-pro-flex_1109x1973.png,song-pro-flex,1109x1973,1109,1973,1458717,f87a7a684c7328267d483e0087582a430a25220c7a3f823b57a4e8887bb75569,True,ASTRA_AGENT_VISUAL_REVIEW_PASS,LOCAL_OUTPUT_NOT_EXTERNALLY_SENT,WORK/01_TEMPLATES/2026-09-20-r17/BYD_TPL_1109x1973.psd
OUTPUT/2026-09-20-r18/BANNER MOBILE/1109x1973/byd_song-pro_1109x1973.png,song-pro,1109x1973,1109,1973,1511973,09998f471383d4d04f6640e1f4389e1ba942cc30a7cb827bbf3571d55686baa0,True,ASTRA_AGENT_VISUAL_REVIEW_PASS,LOCAL_OUTPUT_NOT_EXTERNALLY_SENT,WORK/01_TEMPLATES/2026-09-20-r17/BYD_TPL_1109x1973.psd
OUTPUT/2026-09-20-r18/BANNER MOBILE/1109x1973/byd_vd-atto-2_1109x1973.png,vd-atto-2,1109x1973,1109,1973,1571452,ea2086795eabf22349b56b6df98a33efcd39b7c5c4e15d36c1f709bd73bc3a2a,True,ASTRA_AGENT_VISUAL_REVIEW_PASS,LOCAL_OUTPUT_NOT_EXTERNALLY_SENT,WORK/01_TEMPLATES/2026-09-20-r17/BYD_TPL_1109x1973.psd
OUTPUT/2026-09-20-r18/BANNER MOBILE/1109x1973/byd_vd-dolphin-mini_1109x1973.png,vd-dolphin-mini,1109x1973,1109,1973,1486455,133ac429c97597c23ec5b5be90905c274d097a453b7eabdb9210a44e92b37951,True,ASTRA_AGENT_VISUAL_REVIEW_PASS,LOCAL_OUTPUT_NOT_EXTERNALLY_SENT,WORK/01_TEMPLATES/2026-09-20-r17/BYD_TPL_1109x1973.psd
OUTPUT/2026-09-20-r18/BANNER MOBILE/1109x1973/byd_vd-king-gl_1109x1973.png,vd-king-gl,1109x1973,1109,1973,1490235,d95e5d457fc799fcb073212965fbb51c69d3b44baa69e335eb0acf2511b932c3,True,ASTRA_AGENT_VISUAL_REVIEW_PASS,LOCAL_OUTPUT_NOT_EXTERNALLY_SENT,WORK/01_TEMPLATES/2026-09-20-r17/BYD_TPL_1109x1973.psd
OUTPUT/2026-09-20-r18/BANNER MOBILE/1109x1973/byd_vd-shark_1109x1973.png,vd-shark,1109x1973,1109,1973,1489532,c9af73ab9211c71b91fa8e1afbc1962236300ed50d099325e5b8276dbf761a45,True,ASTRA_AGENT_VISUAL_REVIEW_PASS,LOCAL_OUTPUT_NOT_EXTERNALLY_SENT,WORK/01_TEMPLATES/2026-09-20-r17/BYD_TPL_1109x1973.psd
OUTPUT/2026-09-20-r18/BANNER MOBILE/1109x1973/byd_vd-song-pro-flex_1109x1973.png,vd-song-pro-flex,1109x1973,1109,1973,1449947,a1cb806f2dbe1e06c11ed5d8a39e81dd446cd7cdad72631d4d275cfac760db9e,True,ASTRA_AGENT_VISUAL_REVIEW_PASS,LOCAL_OUTPUT_NOT_EXTERNALLY_SENT,WORK/01_TEMPLATES/2026-09-20-r17/BYD_TPL_1109x1973.psd
OUTPUT/2026-09-20-r18/BANNER MOBILE/1109x1973/byd_vd-song-pro_1109x1973.png,vd-song-pro,1109x1973,1109,1973,1501711,ddaa43b428cae952ed85ec6c27cc2b216629c57c26e56ebbe85031d8036d7e07,True,ASTRA_AGENT_VISUAL_REVIEW_PASS,LOCAL_OUTPUT_NOT_EXTERNALLY_SENT,WORK/01_TEMPLATES/2026-09-20-r17/BYD_TPL_1109x1973.psd
OUTPUT/2026-09-20-r18/BANNER MOBILE/1109x1973/byd_yuan-plus-awd-26-27_1109x1973.png,yuan-plus-awd-26-27,1109x1973,1109,1973,1504700,23e84d30d38551c8018fda0397db3b1b3e77d8de1ed9880167aeac62e3a8f9ac,True,ASTRA_AGENT_VISUAL_REVIEW_PASS,LOCAL_OUTPUT_NOT_EXTERNALLY_SENT,WORK/01_TEMPLATES/2026-09-20-r17/BYD_TPL_1109x1973.psd
OUTPUT/2026-09-20-r18/BANNER MOBILE/1109x1973/byd_yuan-pro_1109x1973.png,yuan-pro,1109x1973,1109,1973,1467547,b71c8bb52637c26c70bf24e49af42915edcdad75e7c9328e82024776877549ea,True,ASTRA_AGENT_VISUAL_REVIEW_PASS,LOCAL_OUTPUT_NOT_EXTERNALLY_SENT,WORK/01_TEMPLATES/2026-09-20-r17/BYD_TPL_1109x1973.psd
OUTPUT/2026-09-20-r18/BANNER MOBILE/360x80/byd_atto-2_360x80.png,atto-2,360x80,360,80,34548,fdfb7c5872ef3b84384f74759e3e92073a63cce59b068c6fa9d2b64d15194fb5,True,ASTRA_AGENT_VISUAL_REVIEW_PASS,LOCAL_OUTPUT_NOT_EXTERNALLY_SENT,WORK/01_TEMPLATES/2026-09-20-r17/BYD_TPL_360x80.psd
OUTPUT/2026-09-20-r18/BANNER MOBILE/360x80/byd_atto-8_360x80.png,atto-8,360x80,360,80,34992,1828fd971e651fab8bf0a082d9ea4762216d3129f6ef406641f3f1586baebd94,True,ASTRA_AGENT_VISUAL_REVIEW_PASS,LOCAL_OUTPUT_NOT_EXTERNALLY_SENT,WORK/01_TEMPLATES/2026-09-20-r17/BYD_TPL_360x80.psd
OUTPUT/2026-09-20-r18/BANNER MOBILE/360x80/byd_dolphin-gs_360x80.png,dolphin-gs,360x80,360,80,34149,707626b6103e1362e58b4199a923bcf2f62a8ba31b85ba89670d0291019e3da7,True,ASTRA_AGENT_VISUAL_REVIEW_PASS,LOCAL_OUTPUT_NOT_EXTERNALLY_SENT,WORK/01_TEMPLATES/2026-09-20-r17/BYD_TPL_360x80.psd
OUTPUT/2026-09-20-r18/BANNER MOBILE/360x80/byd_dolphin-mini-5l-gs_360x80.png,dolphin-mini-5l-gs,360x80,360,80,35832,c619f1bf82e7b016e88a0ad9e25c8ed7d56006d8b02e8c06f2a6cbe9d8b35783,True,ASTRA_AGENT_VISUAL_REVIEW_PASS,LOCAL_OUTPUT_NOT_EXTERNALLY_SENT,WORK/01_TEMPLATES/2026-09-20-r17/BYD_TPL_360x80.psd
OUTPUT/2026-09-20-r18/BANNER MOBILE/360x80/byd_dolphin-se_360x80.png,dolphin-se,360x80,360,80,34180,a745c414e68640e0ca5beebe68f628a7276ceff4240c05193619022cfa6e6aea,True,ASTRA_AGENT_VISUAL_REVIEW_PASS,LOCAL_OUTPUT_NOT_EXTERNALLY_SENT,WORK/01_TEMPLATES/2026-09-20-r17/BYD_TPL_360x80.psd
OUTPUT/2026-09-20-r18/BANNER MOBILE/360x80/byd_king-gs_360x80.png,king-gs,360x80,360,80,36227,1469f2b61a938f964d4083676aa1fb9f7e02dcddc40539cae8a16f80b40aeabf,True,ASTRA_AGENT_VISUAL_REVIEW_PASS,LOCAL_OUTPUT_NOT_EXTERNALLY_SENT,WORK/01_TEMPLATES/2026-09-20-r17/BYD_TPL_360x80.psd
OUTPUT/2026-09-20-r18/BANNER MOBILE/360x80/byd_seal-26-27_360x80.png,seal-26-27,360x80,360,80,34831,2b2d10b0af4d9c0df25f48d0369712b7261d90d6585dc3f8207441dd8d6d1c88,True,ASTRA_AGENT_VISUAL_REVIEW_PASS,LOCAL_OUTPUT_NOT_EXTERNALLY_SENT,WORK/01_TEMPLATES/2026-09-20-r17/BYD_TPL_360x80.psd
OUTPUT/2026-09-20-r18/BANNER MOBILE/360x80/byd_sealion-26-27_360x80.png,sealion-26-27,360x80,360,80,34959,d8bb1dce807022a3b0d3a3e133e325e4e264ed1c1018b4058bfbcc0b87b052d5,True,ASTRA_AGENT_VISUAL_REVIEW_PASS,LOCAL_OUTPUT_NOT_EXTERNALLY_SENT,WORK/01_TEMPLATES/2026-09-20-r17/BYD_TPL_360x80.psd
OUTPUT/2026-09-20-r18/BANNER MOBILE/360x80/byd_song-plus_360x80.png,song-plus,360x80,360,80,36192,26a4e0b47b01254f30f4a98e1acb16fc039e0531321826901e0b58b63cb13f73,True,ASTRA_AGENT_VISUAL_REVIEW_PASS,LOCAL_OUTPUT_NOT_EXTERNALLY_SENT,WORK/01_TEMPLATES/2026-09-20-r17/BYD_TPL_360x80.psd
OUTPUT/2026-09-20-r18/BANNER MOBILE/360x80/byd_song-premium_360x80.png,song-premium,360x80,360,80,36797,dddf21e46d6ddf0924534b15128fdef93945447de62b916a66552ae3063503a9,True,ASTRA_AGENT_VISUAL_REVIEW_PASS,LOCAL_OUTPUT_NOT_EXTERNALLY_SENT,WORK/01_TEMPLATES/2026-09-20-r17/BYD_TPL_360x80.psd
OUTPUT/2026-09-20-r18/BANNER MOBILE/360x80/byd_song-pro-flex_360x80.png,song-pro-flex,360x80,360,80,36196,d331abdac45e1b596eea6515d86620e11de95eac274b26162657318b794fe074,True,ASTRA_AGENT_VISUAL_REVIEW_PASS,LOCAL_OUTPUT_NOT_EXTERNALLY_SENT,WORK/01_TEMPLATES/2026-09-20-r17/BYD_TPL_360x80.psd
OUTPUT/2026-09-20-r18/BANNER MOBILE/360x80/byd_song-pro_360x80.png,song-pro,360x80,360,80,37957,0974d14fac5246748a6593213bee45d9ea75e5028da83c3ec6bf83fcca91a2e4,True,ASTRA_AGENT_VISUAL_REVIEW_PASS,LOCAL_OUTPUT_NOT_EXTERNALLY_SENT,WORK/01_TEMPLATES/2026-09-20-r17/BYD_TPL_360x80.psd
OUTPUT/2026-09-20-r18/BANNER MOBILE/360x80/byd_vd-atto-2_360x80.png,vd-atto-2,360x80,360,80,34836,5cacd3ba6836310694518c9f9445478c4e6fdea6506b0bd285b2c2bf184a02d7,True,ASTRA_AGENT_VISUAL_REVIEW_PASS,LOCAL_OUTPUT_NOT_EXTERNALLY_SENT,WORK/01_TEMPLATES/2026-09-20-r17/BYD_TPL_360x80.psd
OUTPUT/2026-09-20-r18/BANNER MOBILE/360x80/byd_vd-dolphin-mini_360x80.png,vd-dolphin-mini,360x80,360,80,35351,d68e7e08e1ee97888b78e158589934197627d741489670bf119ade407eb17f38,True,ASTRA_AGENT_VISUAL_REVIEW_PASS,LOCAL_OUTPUT_NOT_EXTERNALLY_SENT,WORK/01_TEMPLATES/2026-09-20-r17/BYD_TPL_360x80.psd
OUTPUT/2026-09-20-r18/BANNER MOBILE/360x80/byd_vd-king-gl_360x80.png,vd-king-gl,360x80,360,80,34450,ee22b37abe90b530b784cc470921f2ad03c5ccd87b5777a15a746a61fdae6da2,True,ASTRA_AGENT_VISUAL_REVIEW_PASS,LOCAL_OUTPUT_NOT_EXTERNALLY_SENT,WORK/01_TEMPLATES/2026-09-20-r17/BYD_TPL_360x80.psd
OUTPUT/2026-09-20-r18/BANNER MOBILE/360x80/byd_vd-shark_360x80.png,vd-shark,360x80,360,80,36782,4bd3cdb6c9fc8e80335eb1cca60c365430a97e5fdcc3d8fa2f394c396292af2d,True,ASTRA_AGENT_VISUAL_REVIEW_PASS,LOCAL_OUTPUT_NOT_EXTERNALLY_SENT,WORK/01_TEMPLATES/2026-09-20-r17/BYD_TPL_360x80.psd
OUTPUT/2026-09-20-r18/BANNER MOBILE/360x80/byd_vd-song-pro-flex_360x80.png,vd-song-pro-flex,360x80,360,80,35086,862e46f6fe4579d0a1fcfc951e7e2718536d84e308280e1efb36caee622f180d,True,ASTRA_AGENT_VISUAL_REVIEW_PASS,LOCAL_OUTPUT_NOT_EXTERNALLY_SENT,WORK/01_TEMPLATES/2026-09-20-r17/BYD_TPL_360x80.psd
OUTPUT/2026-09-20-r18/BANNER MOBILE/360x80/byd_vd-song-pro_360x80.png,vd-song-pro,360x80,360,80,35841,ea3a20604cab7acca5b5f03509d3b808552934364b72cadfa4f6eaf7ff5269a5,True,ASTRA_AGENT_VISUAL_REVIEW_PASS,LOCAL_OUTPUT_NOT_EXTERNALLY_SENT,WORK/01_TEMPLATES/2026-09-20-r17/BYD_TPL_360x80.psd
OUTPUT/2026-09-20-r18/BANNER MOBILE/360x80/byd_yuan-plus-awd-26-27_360x80.png,yuan-plus-awd-26-27,360x80,360,80,34408,c7c1731c9af6b08d07f472d5219bd27e244ca86cfd4a8304f1368fca05893056,True,ASTRA_AGENT_VISUAL_REVIEW_PASS,LOCAL_OUTPUT_NOT_EXTERNALLY_SENT,WORK/01_TEMPLATES/2026-09-20-r17/BYD_TPL_360x80.psd
OUTPUT/2026-09-20-r18/BANNER MOBILE/360x80/byd_yuan-pro_360x80.png,yuan-pro,360x80,360,80,34492,6dc3178a08c3e0ab368153582fd525aa0f9225c610e5b24adf4cd6fe814c4118,True,ASTRA_AGENT_VISUAL_REVIEW_PASS,LOCAL_OUTPUT_NOT_EXTERNALLY_SENT,WORK/01_TEMPLATES/2026-09-20-r17/BYD_TPL_360x80.psd
